country,1960,1961,1962,1963,1964,1965,1966,1967,1968,1969,1970,1971,1972,1973,1974,1975,1976,1977,1978,1979,1980,1981,1982,1983,1984,1985,1986,1987,1988,1989,1990,1991,1992,1993,1994,1995,1996,1997,1998,1999,2000,2001,2002,2003,2004,2005,2006,2007,2008,2009,2010,2011,2012,2013,2014,2015
Albania,,,,,,,,,,,,0,0,0,0,0,0,0,0,0,0,0,0,0,0,0,0,0,0,0,0,0,0,0,0,0,0,0,0,0,0,0,0,0,0,0,0,0,0,0,0,0,0,0,0,0
Algeria,,,,,,,,,,,,0,0,0,0,0,0,0,0,0,0,0,0,0,0,0,0,0,0,0,0,0,0,0,0,0,0,0,0,0,0,0,0,0,0,0,0,0,0,0,0,0,0,0,0,0.112
Angola,,,,,,,,,,,,0,0,0,0,0,0,0,0,0,0,0,0,0,0,0,0,0,0,0,0,0,0,0,0,0,0,0,0,0,0,0,0,0,0,0,0,0,0,0,0,0,0,0,0,0
Argentina,,,,,,,,,,,,0.241,0.292,0.214,0.208,0.211,0.189,0.188,0.182,0.247,0.242,0.216,0.273,0.349,0.211,0.256,0.218,0.208,0.232,0.236,0.211,0.186,0.183,0.174,0.186,0.175,0.521,0.638,0.673,0.71,0.796,0.746,1.11,1.21,1.24,1.29,1.62,1.57,1.33,1.15,1.77,1.66,2.03,2.12,1.97,1.9
Armenia,,,,,,,,,,,,,,,,,,,,,,,,,,,,,,,0,0,0,0,0,0,0,0,0,0,0,0,0,0,0,0,0,0.0509,0.0347,0.0705,0.108,0.0404,0.0498,0.0519,0.0516,0.0513
Australia,1.41,1.31,1.2,1.1,0.95,0.885,0.789,0.745,0.675,0.616,0.529,0.496,0.504,0.525,0.616,0.665,0.634,0.52,0.472,0.461,0.404,0.395,0.494,0.408,0.396,0.381,0.367,0.357,0.529,0.551,0.486,0.491,0.421,0.417,0.411,0.432,0.538,0.545,0.546,0.587,0.586,0.713,0.878,1.06,1.13,2.1,2.46,2.75,3.22,2.74,3.27,3.83,5.01,5.98,7.5,8.34
Austria,0,0,0,0,0,0,0,0,0,0,0.609,0.826,0.729,0.653,0.638,0.624,0.729,0.731,0.802,0.823,0.779,1.18,1.12,1.33,1.93,2.14,2.91,1.82,2.17,2.25,2.28,2.4,2.62,2.61,2.28,3.33,2.94,3.08,3.34,2.75,2.67,2.91,2.75,3.61,4.86,6.1,8.27,9.89,9.83,9.47,9.74,10.6,10.8,12.9,14.5,16.5
Azerbaijan,,,,,,,,,,,,,,,,,,,,,,,,,,,,,,,0,0,0,0,0,0,0,0,0,0,0,0,0,0,0,0,0,0,0,0.0106,0.00534,0,0,0.295,0.372,0.409
Bahrain,,,,,,,,,,,,0,0,0,0,0,0,0,0,0,0,0,0,0,0,0,0,0,0,0,0,0,0,0,0,0,0,0,0,0,0,0,0,0,0,0,0,0,0,0,0,0,0,0,0,0
Bangladesh,,,,,,,,,,,,0,0,0,0,0,0,0,0,0,0,0,0,0,0,0,0,0,0,0,0,0,0,0,0,0,0,0,0,0,0,0,0,0,0,0,0,0,0,0,0,0,0,0.264,0.267,0.268
Belarus,,,,,,,,,,,,,,,,,,,,,,,,,,,,,,,0,0,0,0,0,0,0,0,0,0,0,0,0,0,0.0032,0.00323,0.00943,0.0471,0.097,0.201,0.244,0.298,0.328,0.406,0.374,0.502
Belgium,0,0,0,0,0,0,0,0,0,0,0,0,0,0.286,0.255,0.203,0.121,0.527,0.514,0.607,0.565,0.581,0.092,0.0424,0.0447,0.0942,0.207,0.237,0.291,0.296,0.411,0.431,0.387,0.361,0.356,0.449,0.429,0.363,0.451,0.611,0.706,0.806,0.961,1.13,1.4,2.12,3.07,3.54,4.8,5.69,6.59,9.19,12.4,13.7,16.7,20.3
Benin,,,,,,,,,,,,,,0,0,0,0,0,0,0,0,0,0,0,0,0,0,0,0,0,0,0,0,0,0,0,0,0,0,0,0,0,0,0,0,0,2.6,1.36,1.31,0.781,0.87,0,0,0,0,1.46
Bolivia,,,,,,,,,,,,0.769,1.06,1.02,0.943,1.11,1.32,1.19,0.988,1.21,1.98,1.78,1.88,1.65,1.44,1.24,1.31,1.69,1.85,1.57,1.38,1.63,1.7,1.62,1.56,1.49,1.45,1.38,1.35,1.34,1.39,1.36,1.29,1.25,1.19,1.14,1.13,1.26,1.67,1.98,1.76,1.69,1.61,0.744,2.3,2.52
Bosnia and Herzegovina,,,,,,,,,,,,,,,,,,,,,,,,,,,,,,,0,0,0,0,0,0,0,0,0,0,0,0,0,0,0,0,0,0,0,0,0,0,0,0,0,0
Botswana,,,,,,,,,,,,,,,,,,,,,,0,0,0,0,0,0,0,0,0,0,0,0,0,0,0,0,0,0,0,0,0,0,0,0,0,0,0,0,0,0,0,0,0.108,0.0432,0.0337
Brazil,,,,,,,,,,,,1.2,1.24,1.16,1.09,1.1,0.96,1.11,1.18,1.4,1.3,1.32,1.43,1.84,1.59,1.58,1.58,1.75,1.55,1.54,1.73,1.71,2.03,1.97,2.07,2.03,2.32,2.4,2.33,2.5,2.25,2.74,2.97,3.28,3.24,3.4,3.57,4.19,4.46,5.11,6.53,6.57,7.29,8.23,9.86,12.1
Brunei,,,,,,,,,,,,0,0,0,0,0,0,0,0,0,0,0,0,0,0,0,0,0,0,0,0,0,0,0,0,0,0,0,0,0,0,0,0,0,0,0,0,0,0,0,0,0.0537,0.0509,0.0454,0.0444,0.0476
Bulgaria,,,,,,,,,,,,0,0,0,0,0,0,0,0,0,0,0,0,0,0,0,0,0,0,0,0,0,0,0,0,0,0,0,0,0,0,0,0,0,0.00241,0.0114,0.044,0.109,0.31,0.585,1.59,2.04,4.51,6.61,5.93,6.37
Cambodia,,,,,,,,,,,,,,,,,,,,,,,,,,,,,,,,,,,,0,0,0,0,0,0.223,0.196,0.137,1.05,1.72,1.56,1.44,1.21,1.28,1.66,2.3,2.17,1.6,0.787,0.653,0.932
Cameroon,,,,,,,,,,,,0,0,0,0,0,0,0,0,0,0,0,0,0,0,0,0,0,0,0,0,0,0,0,0,0,0,0,0,0,0,0,0,0,0,0,12.6,1.45,1.36,1.23,1,1.03,1.35,1.23,1.17,1.12
Canada,0,0,0,0,0,0,0,0,0,0,0,0,0,0,0,0,0.237,0.332,0.33,0.375,0.348,0.486,0.552,0.511,0.535,0.365,0.398,0.466,0.491,0.696,0.82,0.784,0.87,0.917,1.04,1.02,1.03,1.21,1.31,1.46,1.4,1.52,1.57,1.68,1.63,1.7,1.8,1.82,1.74,2.38,3.21,3.3,3.51,4.41,5.57,6.27
Chile,,,,,,,,,,,,0.774,0.638,0.582,0.495,0.584,0.787,0.818,0.878,0.844,0.894,0.918,1.15,1.65,1.49,1.39,1.9,1.73,1.93,1.8,5.24,5.18,7.79,7.29,7.07,6.7,5.66,5.23,3.27,2.63,2.35,4.88,4.47,3.87,3.98,3.42,2.6,4.62,5.23,7.17,4.27,7.63,7.55,8.65,10.1,11.9
China,,,,,,,,,,,,0,0,0,0,0,0,0,0,0,0,0,0,0,0,0,0,0,0,0,0.011,0.0111,0.0174,0.0171,0.0544,0.306,0.152,0.259,0.245,0.244,0.234,0.225,0.21,0.191,0.179,0.297,0.387,0.477,0.86,1.29,1.67,2.14,2.66,3.56,4.06,4.86
Colombia,,,,,,,,,,,,0,0,0,0,1.46,1.47,1.26,1.19,1.14,1.11,1.02,1.04,1.02,1.01,0.995,0.904,0.851,0.83,0.784,0.754,0.727,1.03,1.01,1.07,1.12,1.14,1.08,1.18,1.07,1.15,1.14,1.09,1.06,1.04,1.1,1.1,1.05,1.06,1.05,4.13,3.34,3.22,3.03,3.13,3.28
"Congo, Dem. Rep.",,,,,,,,,,,,0,0,0,0,0,0,0,0,0,0,0,0,0,0,0,0,0,0,0,0,0,0,0,0,0,0,0,0,0,0,0,0,0,0,0,0,0,0,0,0,0,0.223,0.218,0.102,0.112
"Congo, Rep.",,,,,,,,,,,,0,0,0,0,0,0,0,0,0,0,0,0,0,0,0,0,0,0,0,0,0,0,0,0,0,0,0,0,0,0,0,0,0,0,0,0,0,0,0,0,0,0,0,0,0
Costa Rica,,,,,,,,,,,,0.871,0.552,0.52,0.477,0.523,0.486,0.568,0.416,0.451,0.449,0.423,0.406,0.348,0.326,0.355,0.339,0.319,0.313,0,0,0.259,9.87,9.87,9.87,9.94,11.3,11.3,12.7,14.7,17,17.6,19,17.1,18.1,17.2,18,17.2,14.9,17.6,17.5,18.7,20.7,21.4,24,24.4
Cote d'Ivoire,,,,,,,,,,,,0,0,0,0,0,0,0,0,0,0,0,0,0,0,0,0,0,0,0,0,0,0,0,0,0,0,0,0,0,0,0,0,0,1.94,1.94,1.98,2.04,2.03,1.23,1.16,1.05,0.941,0.889,0.845,1.21
Croatia,,,,,,,,,,,,,,,,,,,,,,,,,,,,,,,0.121,0.112,0.0674,0.199,0.0684,0.097,0.0806,0.00977,0.0786,0.0694,0.00888,0,0,0,0.0432,0.184,0.232,0.343,0.477,0.591,1.16,2.28,4.01,4.68,6.92,9.96
Cuba,,,,,,,,,,,,16.3,12.2,12.6,12.2,11.5,10.7,10.9,11.3,10.2,9.55,9.22,9.45,9.39,9.15,9.27,8.99,8.86,9.06,8.4,9.64,9.54,11.6,8.06,7.5,5.54,6.97,6.15,5.51,6.08,6.28,6.08,5.98,4.55,5.05,2.74,2.47,2.36,3.19,3.07,2.68,2.67,3.11,3.69,3.48,3.71
Cyprus,,,,,,,,,,,,0,0,0,0,0,0,0,0,0,0,0,0,0,0,0,0,0,0,0,0,0,0,0,0,0,0,0,0,0,0,0,0,0,0,0.0229,0.0215,0.0616,0.295,0.594,1.37,3.61,5.45,7.62,7.29,8.78
Czech Republic,,,,,,,,,,,,0,0,0,0,0,0,0,0,0,0,0,0,0,0,0,0,0,0,0,0,0,0,0.274,0.55,0.669,0.458,0.769,0.908,1.06,0.721,0.705,0.666,0.599,0.862,0.918,1.16,1.51,2.05,2.73,3.65,6.09,6.85,7.64,8.54,9.23
Denmark,0,0,0,0,0,0,0,0,0,0,0,0,0,0,0,0,0,0,0.0147,0.0271,0.0411,0.0557,0.0801,0.271,0.291,0.299,0.575,0.797,1.33,2.42,3.07,2.82,4.31,4.65,4.21,4.95,3.84,6.57,9.48,11.2,15.4,15.4,17.2,17.4,23.5,27,20.1,26.1,27.5,27.6,31.9,40.2,48.3,45.9,55.9,65.4
Dominican Republic,,,,,,,,,,,,4.36,4.45,3.34,3.6,3.21,3.37,2.87,2.78,2.63,2.3,2.26,2.88,2.73,3.53,1.2,1.16,1.12,0.769,0.768,0.676,0.642,0.466,0.654,0.796,0.749,0.605,0.663,0.286,0.227,0.244,0.25,0.172,0.16,0.214,0.164,0.152,0.147,0.146,0.156,0.146,0.348,1.53,3.84,4.37,5.27
Ecuador,,,,,,,,,,,,0,0,0,0,0,0,0,0,0,0,0,0,0,0,0,0,0,0,0,0,0,0,0,0,0,0,0,0,0,0,0,0,0,0,0.813,1.04,1.34,1.12,1.18,1.23,1.37,1.3,1.53,2.04,2.1
Egypt,,,,,,,,,,,,0,0,0,0,0,0,0,0,0,0,0,0,0,0,0,0,0,0,0,0,0,0,0,0,0,0,0,0,0.035,0.175,0.265,0.229,0.387,0.516,0.508,0.534,0.664,0.697,0.815,1.16,1.11,0.909,0.937,0.967,0.878
El Salvador,,,,,,,,,,,,0,0,0,0,16.8,46,40.5,42.2,31.6,33.7,56.8,62.6,43.6,42.1,24.7,22.3,23,21.7,21.7,18.9,18.5,16.4,13.7,12.9,13.4,12.8,13.6,11.9,16.2,23.3,24.6,23.9,24.1,23.8,23.6,22.7,26.3,28.4,30.3,30.2,29.9,30.6,31.9,32.1,35.2
Eritrea,,,,,,,,,,,,,,,,,,,,,,,,,,,,,,,,,0,0,0,0,0,0.467,0.513,0.467,0.476,0.429,0.386,0.361,0.353,0.347,0.743,0.694,0.697,0.678,0.643,0.593,0.557,0.541,0.515,0.493
Estonia,,,,,,,,,,,,,,,,,,,,,,,,,,,,,,,0,0,0,0,0,0.069,0.0549,0.0868,0.141,0.145,0.153,0.13,0.281,0.354,0.369,0.872,1.19,1.02,1.6,5.8,7.84,8.91,12,8.99,10.9,14.2
Ethiopia,,,,,,,,,,,,0,0,0,0,0,0,0,0,0,0,0,0,0,0,0,0,0,0,0,0,0,0,0,0,0,0,0,1.57,1.22,0.299,0.0497,0,0,0,0,0,0,0.371,0.601,0.361,0.584,2.53,4.09,5.24,7.27
Finland,0,0,0,0,0,0,0,0,0,0,0,0,0,0,0,0,0,0,0,0,0,0,0,0,0,0,0,0,0,0,9.48,8.62,8.58,9.76,9.86,10.3,8.51,11.4,13.3,12.1,12.5,11.2,12.1,11.2,12.3,13.7,13.3,12.5,13.8,12.5,14,16,16.6,18,18.9,20.1
France,0,0,0,0,0,0,0.352,0.518,0.751,0.776,0.492,0.459,0.481,0.439,0.417,0.379,0.29,0.293,0.298,0.294,0.279,0.275,0.285,0.27,0.268,0.25,0.251,0.246,0.237,0.335,0.459,0.465,0.464,0.421,0.456,0.475,0.477,0.537,0.527,0.555,0.568,0.637,0.688,0.733,0.771,0.848,1.06,1.47,1.79,2.39,2.74,3.52,4.34,4.58,5.19,6.2
Gabon,,,,,,,,,,,,0,0,0,0,0,0,0,0,0,0,0,0,0,0,0,0,0,0,0,0.307,0.812,0.806,0.801,0.844,0.79,0.577,0.557,0.521,0.527,0.532,0.498,0.472,0.456,0.519,0.508,0.48,0.461,0.439,0.491,0.465,0.441,0.555,0.525,0.601,0.564
Georgia,,,,,,,,,,,,,,,,,,,,,,,,,,,,,,,0,0,0,0,0,0,0,0,0,0,0,0,0,0,0,0,0,0,0,0,0,0,0,0,0,0
Germany,0,0,0,0,0,0,0,0,0,0,0.824,0.846,0.814,0.778,0.268,0.287,0.297,0.287,0.282,0.283,0.612,0.627,0.565,0.518,0.526,0.544,0.498,0.435,0.434,0.456,0.304,0.39,0.438,0.506,0.667,0.779,0.834,1.04,1.39,1.64,2.4,2.61,3.67,4.62,5.98,6.96,8.16,10.6,11.5,12.9,13.4,17.5,19.5,20.4,23,26.3
Ghana,,,,,,,,,,,,0,0,0,0,0,0,0,0,0,0,0,0,0,0,0,0,0,0,0,0,0,0,0,0,0,0,0,0,0,0,0,0,0,0,0,0,0,0,0,0,0,0,0.0233,0.0309,0.0261
Greece,0,0,0,0,0,0,0,0,0,0,0,0,0,0,0,0,0,0,0,0,0,0,0,0,0,0,0,0.00332,0.00302,0.00292,0.00575,0.0056,0.0242,0.126,0.0941,0.0848,0.0896,0.0832,0.152,0.33,0.844,1.57,1.44,1.94,2.12,2.34,3.01,3.19,3.88,4.6,5.34,6.98,9.46,14,15.3,16.9
Guatemala,,,,,,,,,,,,3.93,3.93,4.74,6.33,5.55,6.22,4.95,3.76,2.97,2.66,5.3,6.32,5.57,5.37,4.95,6.21,6.78,7.01,11.1,13,14.4,12.6,12.8,12.5,12.6,13.1,15.1,6.93,11.5,10,10.4,10.2,11.4,11.4,11,11.5,13,13.3,16.6,20.6,19,19.5,20.3,23.4,25.3
Haiti,,,,,,,,,,,,14.6,11.3,9.84,7.95,6.06,6.06,5.74,4.9,4.29,3.82,3.23,3.08,2.92,2.84,3.4,4.51,3.24,2.99,2.78,2.85,3.63,0,0,0,0,0,0,0,0,0,0,0,0,0,0,0,0,0,0,0,0,0,0,0,0
Honduras,,,,,,,,,,,,0,0,0,0,0,0,0,0,0,0,0,0,0,0,0,0,0,0,0,0,0,0,0,0,0,0,0,0,0.0291,0.0274,0.232,0.731,0.794,1.09,2.28,2.37,2.65,3.01,2.54,2.36,10,13.3,12.8,11.5,16.2
Hungary,,,,,,0,0,0,0,0,0,0,0,0,0,0,0,0,0,0,0,0,0,0,0.103,0.112,0.0855,0.0773,0.0753,0.0135,0.0598,0.0801,0.145,0.118,0.134,0.165,0.142,0.15,0.161,0.172,0.185,0.195,0.119,0.483,2.17,4.66,3.64,4.19,5.36,7.43,7.58,6.9,7.02,8.5,9.66,9.81
Iceland,0,0,0,0,0,0,0,0,0,0.219,0.874,0.802,1.23,1.12,0.338,0.775,0.776,0.608,0.739,1.66,1.57,4.25,4.87,5.04,4.88,4.92,5.47,5.89,5.81,6,6.65,6.3,5.06,5.42,5.44,5.82,6.75,6.71,10.4,15.8,17.2,18.1,17,16.5,17.2,19.1,26.5,29.9,24.5,27,26.2,27.3,29.7,29,29,26.7
India,,,,,,,,,,,,0,0,0,0,0,0,0,0,0,0,0,0,0,0,0,0.00098,0.00135,0.00246,0.00221,0.0109,0.0122,0.0261,0.0274,0.0512,0.125,0.209,0.22,0.224,0.444,0.52,0.677,0.848,1.05,1.25,1.54,1.98,2.34,2.74,3.33,3.48,3.95,4.64,4.96,5.17,5.36
Indonesia,,,,,,,,,,,,0,0,0,0,0,0,0,0,0,0,0,0.738,1.73,1.59,1.59,1.19,3.13,4.02,3.63,3.44,2.81,2.61,2.41,3.78,3.74,3.48,3.5,3.36,3.18,5.22,5.96,5.77,5.58,5.56,5.2,5.03,4.96,5.6,5.97,5.57,5.22,4.84,4.44,4.82,4.78
Iran,,,,,,,,,,,,0,0,0,0,0,0,0,0,0,0,0,0,0,0,0,0,0,0,0,0,0,0,0,0,0,0,0,0,0.0311,0.0305,0.0261,0.0213,0.0176,0.0282,0.0399,0.0649,0.0701,0.0914,0.103,0.0743,0.0996,0.0905,0.151,0.147,0.0841
Iraq,,,,,,,,,,,,0,0,0,0,0,0,0,0,0,0,0,0,0,0,0,0,0,0,0,0,0,0,0,0,0,0,0,0,0,0,0,0,0,0,0,0,0,0,0,0,0,0,0,0,0
Ireland,0,0,0,0,0,0,0,0,0,0,0,0,0,0,0,0,0,0,0,0,0,0,0,0,0,0,0,0,0,0,0,0,0.0317,0.0929,0.113,0.0909,0.217,0.665,1.22,1.28,1.43,1.75,1.89,2.17,3.03,4.85,6.46,7.64,8.76,11.5,11.1,17.4,16.4,19.7,22,25.1
Israel,,,,,,,,,,,,0,0,0,0,0,0,0,0,0,0,0,0,0,0,0,0,0,0,0,0,0,0,0,0,0,0,0,0,0,0,0.0228,0.0242,0.0255,0.0233,0.0226,0.0198,0.0186,0.0281,0.136,0.237,0.456,0.716,0.885,1.49,1.85
Italy,3.77,3.83,3.66,3.59,3.46,3.24,3.75,3.61,3.5,3.48,3.63,3.4,2.84,2.67,2.88,2.73,2.36,2.26,2.2,2.14,2.16,1.94,1.94,1.88,1.93,1.76,1.95,1.97,1.99,1.55,1.54,1.51,1.6,1.73,1.57,1.55,1.75,1.87,2.07,2.3,2.47,2.77,3.17,3.56,3.9,4.17,4.43,4.83,5.28,6.98,8.65,12.4,16.9,20.6,22.3,22.5
Jamaica,,,,,,,,,,,,6.15,6.38,9.37,8.41,12.4,16,17.4,18.7,16.5,16.8,16.5,15.2,18.3,3.4,3.06,2.9,3.83,4.86,5.16,3.99,2.21,2.3,3.35,3.64,3.52,4.19,4.17,3.16,3.07,3.1,2.55,0.894,0.882,1.43,1.64,1.73,2.3,2.41,4.18,4.17,5.25,7.13,6.94,6.5,7.13
Japan,0,0,0,0,0,0,0,0,0,0,0,0,0,0.0578,0.0219,0.0211,0.0395,0.0567,0.108,0.154,0.157,0.154,1.71,1.8,1.88,1.9,2.06,2.08,2.14,2.15,1.3,1.29,1.28,1.24,1.25,1.4,1.43,1.44,1.31,1.32,1.28,1.29,1.33,1.46,1.52,1.64,1.71,1.79,1.85,1.95,3.32,3.72,4.05,4.83,6.3,7.76
Jordan,,,,,,,,,,,,0,0,0,0,0,0,0,0,0,0,0,0,0,0,0,0,0,0,0,0.0275,0.0269,0.0226,0.021,0.0197,0.0178,0.0165,0.0479,0.0445,0.0424,0.0407,0.106,0.0984,0.113,0.1,0.0829,0.0809,0.1,0.0867,0.0701,0.0812,0.0751,0.0542,0.0521,0.0439,0.689
Kazakhstan,,,,,,,,,,,,,,,,,,,,,,,,,,,,,,,0,0,0,0,0,0,0,0,0,0,0,0,0,0,0,0,0,0,0,0,0,0,0.00323,0.00582,0.0133,0.168
Kenya,,,,,,,,,,,,13.9,12.4,12,11.4,10.7,9.46,10.1,8.6,7.93,8.59,7.68,7.77,7.62,7.72,7.27,21.9,19.1,17.3,16.7,16.3,14.7,14.2,13.6,10.5,12.5,12,10.9,11.1,11.4,13.9,13.4,10.9,18.2,21.5,19.5,18.1,17.8,19.8,23.3,22.7,22.4,22.1,24.8,45.7,48.3
Kuwait,,,,,,,,,,,,0,0,0,0,0,0,0,0,0,0,0,0,0,0,0,0,0,0,0,0,0,0,0,0,0,0,0,0,0,0,0,0,0,0,0,0,0,0,0,0,0,0,0,0,0
Kyrgyz Republic,,,,,,,,,,,,,,,,,,,,,,,,,,,,,,,0,0,0,0,0,0,0,0,0,0,0,0,0,0,0,0,0,0,0,0,0,0,0,0,0,0
Latvia,,,,,,,,,,,,,,,,,,,,,,,,,,,,,,,0,0,0,0,0,0,0.032,0.0444,0.0345,0.0487,0.0967,0.14,0.528,1.81,1.86,1.79,1.8,1.99,1.95,1.78,1.74,3.12,6.52,10,15.8,16.6
Lebanon,,,,,,,,,,,,0,0,0,0,0,0,0,0,0,0,0,0,0,0,0,0,0,0,0,0,0,0,0,0,0,0,0,0,0,0,0,0,0,0,0,0,0,0,0,0,0,0,0,0,0
Libya,,,,,,,,,,,,0,0,0,0,0,0,0,0,0,0,0,0,0,0,0,0,0,0,0,0,0,0,0,0,0,0,0,0,0,0,0,0,0,0,0,0,0,0,0,0,0,0,0,0,0
Lithuania,,,,,,,,,,,,,,,,,,,,,,,,,,,,,,,0,0,0,0,0,0,0,0,0,0,0,0.0139,0.0231,0.0372,0.0373,0.0624,0.315,1.19,1.5,1.78,7.43,14.9,16.8,23.8,30,31.2
Luxembourg,0,0,0,0,0,0,0,0,0,0,0,0,0,0,0,0,0,1.14,1.32,1.46,1.63,2.47,3.32,3.62,3.53,3.47,2.89,3.81,3.73,3.01,2.08,2,1.82,2.24,2.6,3.9,3.41,4.93,7.65,10.3,11.6,5.77,1.82,2.19,2.69,3.49,3.83,4.62,5.54,5.11,4.92,6.94,7.58,13.6,15.3,24.9
Malaysia,,,,,,,,,,,,0,0,0,0,0,0,0,0,0,0,0,0,0,0,0,0,0,0,0,0,0,0,0,0,0,0,0,0,0,0,0.00141,0.00135,0.00127,0.00122,0.00121,0.00111,0.00103,0,1.01,0.806,0.818,0.644,0.926,0.629,0.682
Malta,,,,,,,,,,,,0,0,0,0,0,0,0,0,0,0,0,0,0,0,0,0,0,0,0,0,0,0,0,0,0,0,0,0,0,0,0,0,0,0,0,0,0,0,0,0.0473,0.459,1.13,1.55,3.34,7.67
Mauritius,,,,,,,,,,,,16.9,14,12.8,11.5,7.59,9.26,7.79,7.94,7.32,7.61,8.56,11.8,8.63,7.63,14.8,16.6,15.2,13.1,9.51,20.3,21.2,20.5,17.2,15.6,15.3,17.7,17.9,20.8,18.9,24.2,25,23.2,21.6,21.7,19.9,19,19,19,18.9,20.6,18.2,18.1,17.3,17.2,18.7
Mexico,,,,,,,,,,,,0,0,0.434,1.13,1.18,1.22,1.13,1.05,1.64,1.37,1.32,1.62,1.65,1.64,1.76,3.49,4.25,4.22,3.97,4.43,5.39,5.96,6.06,5.4,5.57,4.73,4.18,4.08,3.79,3.69,3.79,3.62,3.71,3.84,4.15,3.52,3.78,2.99,2.97,3.13,2.92,3.41,3.88,4.64,5.49
Moldova,,,,,,,,,,,,,,,,,,,,,,,,,,,,,,,0,0,0,0,0,0,0,0,0,0,0,0,0,0,0,0,0,0,0,0,0,0,0,0.0668,0.28,0.312
Mongolia,,,,,,,,,,,,,,,,,,,,,,,,,,0,0,0,0,0,0,0,0,0,0,0,0,0,0,0,0,0,0,0,0,0,0,0,0,0,0,0,0,1.69,3.16,3.08
Montenegro,,,,,,,,,,,,,,,,,,,,,,,,,,,,,,,,,,,,,,,,,,,,,,0,0,0,0,0,0,0,0,0,0,0
Morocco,,,,,,,,,,,,0,0,0,0,0,0,0,0,0,0,0,0,0,0,0,0,0,0,0,0,0,0,0,0,0,0,0,0,0,0.498,1.37,1.27,1.22,1.12,1.07,0.921,1.4,1.45,1.85,2.78,2.77,2.66,5.34,6.69,8.19
Mozambique,,,,,,,,,,,,0,0,0,0,0,0,0,0,0,0,0,0,0,0,0,0,0,0,0,0,0,0,0,0,0,0,0,0,0,0,0,0,0,0,0,0,0,0,0,0,0,0,0,0,0
Myanmar,,,,,,,,,,,,0,0,0,0,0,0,0,0,0,0,0,0,0,0,0,0,0,0,0,0,0,0,0,0,0,0,0,0,0,0,0,0,0,0,0,0,0,0,0,0,0,0,0,0,0
Namibia,,,,,,,,,,,,,,,,,,,,,,,,,,,,,,,,0,0,0,0,0,0,0,0,0,0,0,0,0,0,0,0,0,0,0,0,0,0,0,0,0
Nepal,,,,,,,,,,,,0,0,0,0,0,0,0,0,0,0,0,0,0,0,0,0,0,0,0,0,0,0,0,0,0,0,0,0,0,0,0,0,0,0,0,0,0,0,0,0,0,0,0,0.184,0.2
Netherlands,0,0,0,0,0,0,0,0,0,0,0,0,0,0,0,1.48,1.5,1.49,1.97,1.72,1.58,1.69,0.439,0.387,0.0271,0.701,0.825,1.03,1.22,1.26,1,1.12,1.13,1.32,1.45,1.62,2.03,2.22,2.43,2.79,3.16,3.4,4.03,4.02,5.15,7.36,8.04,7.11,8.77,9.44,9.3,10.8,12,11.9,11.2,12.4
New Zealand,5.83,6.92,10,11.7,12.9,12.5,11.8,9.62,10.5,10.1,9.1,8.11,7.14,6.71,8.4,7.8,7.33,6.86,6.88,6.34,6.63,6.17,6,5.79,5.88,5.52,5.47,5.5,5.54,7.44,8.15,8.44,8.47,8.49,7.93,7.51,7.28,7.42,8.34,8.92,9.25,8.77,8.27,8.07,8.45,9.95,10.4,11.5,13.3,16,18.1,19.6,20.1,21,23.3,24.6
Nicaragua,,,,,,,,,,,,1.63,1.42,1.18,1.46,1.59,1.57,1.3,1.41,1.53,1.79,1.65,1.8,9.91,31.5,31.2,23.3,19.7,22,30.2,33.7,37.9,35.3,29.2,26.5,23.5,21.9,21.9,14.8,9.23,12.5,12,13,16.3,16.7,20.4,20.2,19.5,19.6,22.3,23.2,22.4,32.4,41.4,45,43.6
Niger,,,,,,,,,,,,,,,,,,,,,,,,,,,,,,,,,,,,,,,,,0,0,0,0,0,0.873,0.917,0.893,1.32,1.17,1.02,0,0,0.903,0.903,0.753
Nigeria,,,,,,,,,,,,0,0,0,0,0,0,0,0,0,0,0,0,0,0,0,0,0,0,0,0,0,0,0,0,0,0,0,0,0,0,0,0,0,0,0,0,0,0,0,0,0,0,0,0,0
North Korea,,,,,,,,,,,,0,0,0,0,0,0,0,0,0,0,0,0,0,0,0,0,0,0,0,0,0,0,0,0,0,0,0,0,0,0,0,0,0,0,0,0,0,0,0,0,0,0,0,0,0
North Macedonia,,,,,,,,,,,,,,,,,,,,,,,,,,,,,,,0,0,0,0,0,0,0,0,0,0,0,0,0,0,0,0,0,0,0,0,0,0.0148,0.0479,0.148,1.58,2.9
Norway,0,0,0,0,0,0,0,0,0,0,0,0,0,0,0,0,0,0,0,0,0,0,0,0,0,0.00487,0.0269,0.0202,0.0247,0.0244,0.175,0.189,0.194,0.209,0.248,0.245,0.298,0.228,0.241,0.244,0.201,0.232,0.25,0.514,0.555,0.606,0.845,0.939,0.928,0.919,0.997,1.31,1.3,1.66,1.75,1.88
Oman,,,,,,,,,,,,0,0,0,0,0,0,0,0,0,0,0,0,0,0,0,0,0,0,0,0,0,0,0,0,0,0,0,0,0,0,0,0,0,0,0,0,0,0,0,0,0,0,0,0,0
Pakistan,,,,,,,,,,,,0,0,0,0,0,0,0,0,0,0,0,0,0,0,0,0,0,0,0,0,0,0,0,0,0,0,0,0,0,0,0,0,0,0,0,0,0,0,0,0,0,0,0.381,0.75,0.758
Panama,,,,,,,,,,,,0.222,0.199,0.17,0.667,0.799,0.71,0.874,0.999,1.07,1.21,4.06,4.07,3.35,3.48,2.15,2.16,1.95,2.66,1.82,2.1,1.43,1.58,1.33,0.833,0.426,0.471,0.518,0.549,0.633,0.491,0.449,0.34,0.377,0.417,0.395,0.401,0.294,0.249,0.333,0.298,0.294,0.302,0.391,1.59,4.56
Paraguay,,,,,,,,,,,,16.2,13.5,10.6,8.06,5.73,6.29,6.3,3.52,5.5,5.35,5.82,3.85,3.91,3.4,0.905,0.235,0.161,0.14,0.0904,0.0699,0.0545,0.0516,0.0891,0.0439,0.0616,0.0714,0.0708,0.0708,0.0693,0,0,0,0,0,0,0,0,0,0,0,0,0,0,0,0
Peru,,,,,,,,,,,,3.81,3.61,3.45,3.66,3.55,3.1,2.81,2.45,1.76,0.847,0.707,1.33,1.36,1.21,1.4,1.19,0.971,1,1.06,0.985,0.918,1.01,0.736,0.75,0.88,0.793,0.864,0.684,0.735,0.798,0.789,0.851,0.859,0.635,1.37,1.28,1.4,1.42,1.4,1.88,1.72,1.82,2.66,3.82,3.59
Philippines,,,,,,,,,,,,0,0,0,0,0,0,0,0.0193,3.83,11.5,16.8,20,23,25.3,26,26.6,21.7,21.3,22.3,22.4,22.4,22,21.3,20.7,18.3,17.8,18.2,21.4,25.6,25.7,22.2,21.1,18.6,18.4,17.5,18.5,17.2,17.7,16.8,14.8,14.6,14.4,13.1,13.8,14.9
Poland,0.0342,0.0341,0.0509,0.0379,0.0394,0.0594,0.0802,0.0859,0.0847,0.14,0.0916,0.145,0.243,0.266,0.257,0.218,0.177,0.243,0.228,0.205,0.205,0.236,0.231,0.291,0.26,0.293,0.267,0.135,0.0662,0.0719,0.0409,0.0625,0.0849,0.0463,0.0383,0.0496,0.0942,0.121,0.159,0.141,0.158,0.319,0.342,0.386,0.737,1.06,1.4,1.94,2.88,4.17,5.07,6.62,9.18,8.92,11.1,12.7
Portugal,1.37,1.48,1.5,1.73,0.415,4.44,3.58,3.23,3.65,4.08,2.5,1.81,1.28,2.04,1.68,2.21,2.29,1.7,1.59,1.6,2.1,2.25,2.3,2.24,1.94,2.91,2.98,3.05,2.91,2.6,2.45,2.74,3.01,2.96,3.14,3.16,3,3.3,3.01,3.18,3.56,3.7,4.23,4.26,5.45,7.64,9.72,13.1,17.2,20.2,22.7,24.2,30.2,31.1,30.8,30.6
Qatar,,,,,,,,,,,,0,0,0,0,0,0,0,0,0,0,0,0,0,0,0,0,0,0,0,0,0,0,0,0,0,0,0,0,0,0,0,0,0,0,0,0,0,0,0,0,0,0,0,0,0
Romania,,,,,,,,,,,,0,0,0,0,0,0,0,0,0,0,0,0,0,0,0,0,0,0,0,0,0,0.00369,0.0018,0,0,0,0.0193,0.0206,0,0,0,0.00548,0.00544,0.00708,0.0101,0.00638,0.0616,0.0447,0.0329,0.688,2.56,4.87,8.87,12.8,14.5
Russia,,,,,,,,,,,,,,,,,,,,,,,,,,,,,,,0.00601,0.00609,0.00625,0.00628,0.00697,0.00687,0.00674,0.00684,0.00702,0.0071,0.00936,0.0132,0.0201,0.041,0.0486,0.0482,0.0515,0.0499,0.0476,0.0506,0.0526,0.0534,0.0493,0.046,0.0699,0.091
Saudi Arabia,,,,,,,,,,,,0,0,0,0,0,0,0,0,0,0,0,0,0,0,0,0,0,0,0,0,0,0,0,0,0,0,0,0,0,0,0,0,0,0,0,0,0,0,0,0,0,0.00037,0.00035,0.00032,0.0003
Senegal,,,,,,,,,,,,9.71,9.5,8.6,8.67,8.14,7.6,7.05,6.45,5.92,5.92,5.61,6.22,5.61,5.2,5.23,5.24,4.97,4.83,4.67,4.66,4.54,4.28,4.34,4.21,4.06,3.91,3.72,3.62,3.58,3.3,3.28,3.42,2.65,1.99,2.16,2.26,1.51,1.55,1.85,2.5,2.54,1.42,1.77,1.78,1.77
Serbia,,,,,,,,,,,,,,,,,,,,,,,,,,,,,,,0,0,0,0,0,0,0,0,0,0,0,0,0,0,0,0,0,0,0,0,0,0,0.0166,0.0535,0.0867,0.0931
Singapore,,,,,,,,,,,,0,0,0,0,0,0,0,0,0,0,0,0,0,0,0,0.799,0.714,0.648,0.601,0.541,1.45,1.39,1.29,1.18,1.1,1.02,0.911,0.863,0.83,0.774,1.43,1.36,1.4,1.3,1.25,1.21,1.18,1.26,1.3,1.31,1.33,1.36,1.55,1.66,1.82
Slovak Republic,,,,,,,,,,,,0,0,0,0,0,0,0,0,0,0,0,0,0,0,0,0,0,0,0,0,0,0,0,0,0,0,0,0,0,0,0.483,0.472,0.326,0.0854,0.121,1.29,1.73,1.82,2.09,2.49,4.32,4.84,5.28,7.44,8.16
Slovenia,,,,,,,,,,,,,,,,,,,,,,,,,,,,,,,0,0,0,0,0,0,0,0,0,0.234,0.514,0.498,0.699,0.883,0.792,0.754,0.741,0.751,1.77,1.17,1.42,2,2.77,3.04,3.02,3.69
South Africa,,,,,,,,,,,,0,0,0,0,0,0,0,0,0,0,0,0,0,0,0,0,0,0,0,0,0,0,0,0,0,0.0301,0.0703,0.114,0.0983,0.148,0.147,0.119,0.115,0.114,0.115,0.112,0.11,0.117,0.126,0.125,0.126,0.13,0.151,0.902,1.93
South Korea,,,,,,,,,,,,0,0,0,0,0,0,0,0,0,0,0,0,0,0,0,0,0,0,0,0.00095,0.00088,0.00161,0.0021,0.00185,0.139,0.2,0.0369,0.0296,0.0416,0.035,0.0346,0.061,0.0644,0.0821,0.0977,0.137,0.217,0.294,0.415,0.504,0.554,0.588,0.835,1.06,1.5
South Sudan,,,,,,,,,,,,,,,,,,,,,,,,,,,,,,,,,,,,,,,,,,,,,,,,,,,,,0.449,0.424,0.41,0.606
Spain,0,0,0,0,0,0,0,0,0,0,0.0835,0.0844,0.0898,0.074,0.0637,0.138,0.21,0.333,0.322,0.24,0.331,0.385,0.429,0.485,0.466,0.486,0.42,0.425,0.486,0.368,0.372,0.364,0.438,0.453,0.512,0.783,0.842,1.17,1.5,2.18,2.82,3.61,4.98,5.95,6.9,8.25,8.86,10.3,12.5,16.3,18.6,19.5,22.6,26.5,25.9,24.8
Sri Lanka,,,,,,,,,,,,0,0,0,0,0,0,0,0,0,0,0,0,0,0,0,0,0,0,0,0,0,0,0,0,0,0,0,0,0.0485,0.157,0.162,0.198,0.181,0.182,0.215,0.221,0.202,0.27,0.431,0.954,1.23,1.58,2.34,2.67,3.19
Sudan,,,,,,,,,,,,0,0,0,0,0,0,0,0,0,0,0,0,0,0,0,0,0,0,0,0,0,0,0,0,0,0,0,0,0,0,0,0,0,0,0,0,0,0,0,0,0,0,0,0,0
Suriname,,,,,,,,,,,,,,,,,,,,,,,,,,,,,,,,,,,,,,,,,0,0,0,0,0,0,0,0,0,0,0,0,0,0,0,0
Sweden,0,0,0,0,0,0,0,0,0,0,0.215,0.24,0.315,0.511,0.475,0.385,0.41,0.4,0.297,0.365,0.749,0.896,1.01,1.33,1.5,1.32,1.44,1.35,1.4,1.54,1.34,1.27,1.4,1.53,1.61,1.65,1.61,2,1.95,1.97,3.14,2.64,3.26,3.83,5.31,5.32,6.52,7.57,8.23,10.2,10.6,11.7,11.6,13.9,14.3,16.8
Switzerland,0,0,0,0,0,0,0,0,0,0,0,0,0,0,0,0,0,0,0.232,0.631,0.359,0.841,0.743,0.759,0.745,0.657,0.81,0.869,0.86,0.984,0.802,0.774,0.832,0.792,0.853,0.932,1.11,1.1,1.13,1.12,1.3,1.27,1.43,1.48,1.57,1.82,1.9,1.85,1.92,1.96,2.13,2.59,2.83,3.23,3.76,4.32
Syria,,,,,,,,,,,,0,0,0,0,0,0,0,0,0,0,0,0,0,0,0,0,0,0,0,0,0,0,0,0,0,0,0,0,0,0,0,0,0,0,0,0,0,0,0,0,0,0,0,0,0
Tajikistan,,,,,,,,,,,,,,,,,,,,,,,,,,,,,,,0,0,0,0,0,0,0,0,0,0,0,0,0,0,0,0,0,0,0,0,0,0,0,0,0,0
Tanzania,,,,,,,,,,,,0,0,0,0,0,0,0,0,0,0,0,0,0,0,0,0,0,0,0,0,0,0,0,0,0,0,0,0,0,0,0,0,0,0,0,0.029,0.0478,0.0684,0.105,0.474,0.668,0.573,0.606,0.643,0.667
Thailand,,,,,,,,,,,,0,0,0,0,0,0,0,0,0,0,0,0,0,0,0,0,0,0,0,0.00226,0.00199,0.00175,0.00158,0.0014,0.361,0.959,0.37,0.356,0.964,0.532,0.482,0.631,0.986,1.02,1.16,1.06,1.25,1.77,2.08,2.14,2.81,3.14,4.91,5.3,5.87
Togo,,,,,,,,,,,,0,0,0,0,0,0,0,0,0,0,0,0,0,0,0,0,0,0,0,0,0,0,0,0,0,0,0,0,0,0,0.813,0.658,1.14,1.08,1.06,1.36,5.1,1.63,2.63,2.23,3.91,4.5,5.38,3.45,6.17
Trinidad and Tobago,,,,,,,,,,,,3.53,3.15,2.62,2.17,2.01,1.47,1.58,1.86,1.56,1.28,0.831,0.668,0.551,0.432,0.562,0.79,0.891,0.775,0.758,0.867,0.672,0.755,0.734,0.786,0.766,0.374,0.361,0.348,0.343,0.366,0.514,0.461,0.186,0.358,0.312,0.626,0.248,0.259,0.242,0,0,0,0,0,0
Tunisia,,,,,,,,,,,,0,0,0,0,0,0,0,0,0,0,0,0,0,0,0,0,0,0,0,0,0,0,0,0,0,0,0,0,0,0.217,0.211,0.253,0.292,0.369,0.332,0.291,0.313,0.272,0.636,0.855,0.673,1.11,2.01,2.77,2.49
Turkey,1.46,1.46,1.26,1.58,2.18,2.02,2.2,2.79,2.58,2.27,1.93,1.66,1.56,1.59,1.54,1.41,0.881,1.06,0.631,0.644,0.584,0.446,0,0,0.0719,0.0175,0.111,0.131,0.144,0.121,0.139,0.198,0.174,0.182,0.166,0.357,0.274,0.365,0.298,0.202,0.22,0.274,0.219,0.163,0.151,0.115,0.158,0.316,0.58,1.12,1.85,2.51,3.07,4.08,4.76,6.31
Turkmenistan,,,,,,,,,,,,,,,,,,,,,,,,,,,,,,,0,0,0,0,0,0,0,0,0,0,0,0,0,0,0,0,0,0,0,0,0,0,0,0,0,0
Ukraine,,,,,,,,,,,,,,,,,,,,,,,,,,,,,,,0,0,0,0,0,0,0,0,0.00174,0.00174,0.0035,0.00926,0.0127,0.0172,0.0181,0.0204,0.0181,0.166,0.16,0.105,0.127,0.13,0.381,0.676,0.928,1.05
United Arab Emirates,,,,,,,,,,,,0,0,0,0,0,0,0,0,0,0,0,0,0,0,0,0,0,0,0,0,0,0,0,0,0,0,0,0,0,0,0,0,0,0,0,0,0,0,0,0,0,0,0.0941,0.258,0.232
United Kingdom,0,0,0,0,0,0,0,0,0,0,0,0,0,0,0,0,0,0,0,0,0,0,0,0,0.00036,0.00034,0.00033,0,0.00033,0.00288,0.19,0.218,0.305,0.44,0.573,0.611,0.656,0.795,0.978,1.17,1.3,1.44,1.65,1.87,2.38,3.04,3.43,3.72,4.34,5.37,5.87,7.93,9.96,13.7,17.5,23
United States,0.0153,0.0215,0.0228,0.0294,0.0307,0.0309,0.0316,0.0369,0.0447,0.0523,0.0503,0.0496,0.0993,0.14,0.146,0.18,0.192,0.192,0.151,0.196,0.239,0.263,0.216,0.262,0.321,0.434,0.462,0.479,0.445,2.27,3,1.9,2.14,2.13,2.13,1.97,1.97,1.9,1.83,1.89,1.92,1.88,2.01,2.02,2.09,2.2,2.42,2.59,3.09,3.68,4.1,4.79,5.49,6.32,6.9,7.39
Uruguay,,,,,,,,,,,,0.373,0.412,0.353,0.459,0.358,0.37,0.378,0.324,0.302,0.196,0.225,0.455,0.286,0.36,0.424,0.566,0.463,0.459,0.559,0.793,0.812,0.742,0.74,0.774,0.698,0.615,0.434,0.449,0.653,0.461,0.4,0.406,0.443,0.612,0.508,0.89,1.45,9.59,9.42,8.8,9.41,10.6,10.5,16.6,28.4
Uzbekistan,,,,,,,,,,,,,,,,,,,,,,,,,,,,,,,0,0,0,0,0,0,0,0,0,0,0,0,0,0,0,0,0,0,0,0,0,0,0,0,0,0
Venezuela,,,,,,,,,,,,0,0,0,0,0,0,0,0,0,0,0,0,0,0,0,0,0,0,0,0,0,0,0,0,0,0,0,0,0,0,0,0,0,0,0,0,0,0,0,0,0,0,0,0,0
Vietnam,,,,,,,,,,,,0,0,0,0,0,0,0,0,0,0,0,0,0,0,0,0,0,0,0,0,0,0,0,0,0,0,0,0,0,0,0,0,0,0,0.0932,0.107,0.118,0.0763,0.0866,0.111,0.137,0.122,0.116,0.105,0.118
Yemen,,,,,,,,,,,,0,0,0,0,0,0,0,0,0,0,0,0,0,0,0,0,0,0,0,0,0,0,0,0,0,0,0,0,0,0,0,0,0,0,0,0,0,0,0,0,0,0,0,0,0
Zambia,,,,,,,,,,,,0,0,0,0,0,0,0,0,0,0,0,0,0,0,0,0,0,0,0,0,0,0,0,0,0,0,0,0,0,0,0,0,0,0,0,0,0,0,0,0,0,0,0,0,0
Zimbabwe,,,,,,,,,,,,0,0,0,0,0,0,0,0,0,0,0,0,0,0,0,0,0,0,0,0,0,0,0,0,0,0,0,0,0,0,0,0,0,0,0,1.29,0.828,1.04,0.782,1.08,1.42,1.83,1.73,1.44,1.33
